val_loss,loss
0.21142402761447676,0.2079690262846563
0.22483424911402222,0.21445559786978594
0.22297195898559174,0.22963773016848857
0.21339164737784622,0.22710293638150908
